"SurveyId","EncodedCompanyId","SHAPE Score","Corporate Culture","Employee Commitment","Employee Engagement","Job Satisfaction","Factors Outside Work","Manager Style","Physical Health","Psychological Health","Business Essentials","Physical Work Environment","Soft Work Environment","Coworker Dynamic","Hours lost","Dollars lost","MaleEmployees","FemaleEmployees","ENPS","ActualAge","CalculatedAge","Depression","Anxiety","Stress","Values alignment","Respect and dignity","Self-actualising","Oppositional","Collaboration","Toxicity","Leave policies","Meetings","Boundaries","Decisiveness","Policy compliance","Diversity","Merit-based status","DÃ©cor","Dress code","Zero tolerance","Responsible power","Leaders","Adaptable","Adaptable","Adaptable","Adaptable","Adaptable","Adaptable","Adaptable","Adaptable","Reporting line","Propose new ideas","Act on feedback","My morale","Morale of colleagues","Recommend workplace","Hardworking","Coworkers confront issues","Trustworthy coworkers","Coworkers add value","Respectful coworkers","Optimistic attitude","Collaborative coworkers","Inclusive coworkers","Supportive coworkers","Flexible coworkers","Resourceful","Reliable coworkers","Job security","Reward","Recognition","Belonging","Career prospects","Enthusiasm","Safe at work","Friend at work","Committed colleagues","Talk about progress","Professional development","Role importance","Opinion matters","Job clarity","Company harmony","Intrinsic rewards","Home duties","Family care","Commuting","Work-life balance","Private time","Support network","Satisfaction with role","Role variety","Challenging role","Workload","Sufficient resources","Job/Ability fit","Situational Leadership","Relationship with manager","Handling incompetence","Role clarity","Manager cares","Comms with manager","Nutrition","Exercise","Smoking","Alcohol consumption","Sleep","BMI","PSY1.1","PSY1.2","PSY1.3","PSY1.4","PSY1.5","PSY1.6","PSY1.7","PSY1.8","PSY1.9","Stress impact","Coping","Adaptable","Adaptable","Adaptable","Adaptable","Adaptable","Adaptable","Adaptable","Adaptable","Bouncing back","Strong","PWE1.1","PWE1.2","PWE1.3","PWE1.4","PWE1.5","PWE1.6","Systems/processes","Workplace support","Strategy","Organisational structure","Future proof business","Shared values","Management style","Salaries","Staff","Good skills","Lighting","WEH1.1h","Temperature","WEH1.2h","Noise/Chatter","WEH1.3h","Outside noise","WEH1.4h","Ergonomics","WEH1.5h","Cleanliness","WEH1.6h","Equipment","WEH1.7h","Office quality","WEH1.8h","Employer flexibility","WES1.1h","Disruptions","WES1.2h","IT assistance","WES1.3h","Quality of software","WES1.4h","Phone/PC distractions","WES1.5h","Internet connectivity","WES1.6h","210"
"101","COMP_001","68","72","66","79","83","54","73","60","68","52","76","55","0","1821","29275","3","8","45","33.1","33.6","84","92","78","84","93","91","45","97","84","90","18","58","35","90","27","59","96","96","93","57","58","76","74","76","74","76","74","76","74","46","90","58","94","93","95","0","0","0","0","0","0","0","0","0","0","0","0","22","26","74","93","58","90","99","95","94","70","36","92","95","59","45","90","26","40","35","74","48","90","90","95","92","83","72","84","78","86","64","76","86","87","12","19","90","98","80","92","66","88","75","97","75","85","94","91","94","32","45","76","74","76","74","76","74","76","74","83","85","93","95","91","94","74","45","16","58","59","20","84","83","25","34","73","84","82","0","66","0","74","0","92","0","78","0","78","0","83","0","80","0","83","0","44","0","41","0","78","0","40","0","53","0","82"
"104","COMP_002","78","89","70","80","70","66","82","77","75","74","84","81","88","2906","159219","3","19","50","48.8","47.1","88","91","77","92","94","86","90","94","94","93","73","87","91","93","84","86","66","91","91","91","89","91","87","91","87","91","87","91","87","90","90","89","94","95","92","92","69","95","93","97","94","93","92","91","92","71","75","48","48","69","87","56","76","96","95","94","27","81","76","87","89","69","86","53","58","84","49","58","71","72","83","87","63","69","87","94","89","55","87","89","93","32","84","97","98","86","60","76","93","79.5","98","86","95","96.5","98","98","81.5","96","91","87","91","87","91","87","91","87","91","87.5","0","0","0","0","0","0","32","85","85","54","54","93","85","75","87","82","86","0","73","0","67","0","76","0","84","0","87","0","89","0","88","0","95","0","91","0","44","0","79","0","92","0","89","0","0"
"109","COMP_003","86","95","83","93","79","72","94","70","80","78","94","90","98","360","17232","4","2","83","40.1","38.6","93","100","87","99","100","97","96","100","99","99","88","87","88","97","97","90","94","96","99","99","99","84","88","84","88","84","88","84","88","96","99","90","96","97","98","100","88","100","100","100","99","97","99","100","99","97","96","65","19","97","97","88","99","100","99","100","39","93","99","97","97","90","99","86","81","100","32","64","94","86","94","94","37","65","96","84","100","84","98","100","95","21","29","100","100","81","69","66","94","94","100","89","94","100","94","100","66","64","84","88","84","88","84","88","84","88","66","88","0","0","0","0","0","0","84","87","62","87","37","97","97","64","88","87","0","88","0","97","0","99","0","97","0","97","0","90","0","97","0","90","0","97","0","94","0","65","0","94","0","88","0","97","0"
"110","COMP_004","68","76","61","75","63","54","84","61","57","71","59","68","84","32550","1425794","9","114","20","29.9","30.2","72","78","66","91","90","78","67","93","72","68","79","91","65","92","90","86","40","91","85","89","89","86","48","86","48","86","48","86","48","74","83","61","62","37","65","92","84","92","94","94","88","89","93","95","90","87","79","52","23","45","90","61","66","87","93","88","53","63","90","77","90","44","94","31","48","38","76","42","76","64","55","77","43","54","76","80","94","63","93","92","96","18","30","99","99","31","84","53","78","66","86","62","70","82","83","87","20","84","86","48","86","48","86","48","86","48","50","61","0","0","0","0","0","0","73","70","82","82","71","91","84","17","87","84","75","0","66","0","69","0","77","0","41","0","69","0","89","0","64","0","79","0","66","0","65","0","78","0","83","0","69","0","0"
"111","COMP_005","60","58","64","64","71","31","63","41","54","69","74","73","58","5702","213131","9","11","4","35.1","40.1","62","58","72","77.5","59","53","53","42","59","59","46","52","46","59","78","37","36","58","54","49","54","82.5","72","82.5","72","82.5","72","82.5","72","66","71","63.5","47","48.5","45","54","39.5","35.5","32","66.5","60","57","45","63","63","51","39.5","82","53","77.5","78","72","43","66.5","88","72","65.5","46","65.5","59","72","58","60","14","18","22.5","45","54","11","61","47","88","73","84.5","81.5","37.5","62.5","67","67","62.5","62.5","15","16","20","98","84","82","72","70","69","69","65","69","72","72","77","9","77","82.5","72","82.5","72","82.5","72","82.5","72","77.5","72","0","0","0","0","0","0","85.5","65.5","84.5","63","63","57","69","64","70","69","96","0","84","0","67.5","0","79","0","79","0","85","0","73","0","64","0","82.5","0","84.5","0","83.5","0","72.5","0","76.5","0","80","0","0"
"111","COMP_005","60","58","64","64","71","31","63","41","54","69","74","73","58","5702","213131","9","11","4","35.1","40.1","62","58","72","77.5","59","53","53","42","59","59","46","52","46","59","78","37","36","58","54","49","54","82.5","72","82.5","72","82.5","72","82.5","72","66","71","63.5","47","48.5","45","54","39.5","35.5","32","66.5","60","57","45","63","63","51","39.5","82","53","77.5","78","72","43","66.5","88","72","65.5","46","65.5","59","72","58","60","14","18","22.5","45","54","11","61","47","88","73","84.5","81.5","37.5","62.5","67","67","62.5","62.5","15","16","20","98","84","82","72","70","69","69","65","69","72","72","77","9","77","82.5","72","82.5","72","82.5","72","82.5","72","77.5","72","0","0","0","0","0","0","85.5","65.5","84.5","63","63","57","69","64","70","69","96","0","84","0","67.5","0","79","0","79","0","85","0","73","0","64","0","82.5","0","84.5","0","83.5","0","72.5","0","76.5","0","80","0","0"
"114","COMP_006","88","93","79","94","87","80","93","75","78","89","88","96","99","350","6717","0","6","50","34.3","32.3","81","85","80","94","97","97","87","99","99","88","94","87","87","96","96","96","16","79","96","96","99","87","97","87","97","87","97","87","97","66","96","97","96","96","96","100","99","100","100","100","99","100","100","100","99","99","96","64","40","87","94","86","88","99","99","96","66","94","97","97","96","97","88","40","66","100","96","86","96","94","94","87","86","86","87","89","98","91","95","95","97","14","83","100","100","91","57","72","83","77","100","77","83","83","89","89","42","96","87","97","87","97","87","97","87","97","94","88","0","0","0","0","0","0","96","93","86","96","65","94","96","40","96","94","0","87","0","94","0","96","0","93","0","83","0","94","0","94","0","86","0","97","0","99","0","97","0","97","0","87","0","97","0"
"116","COMP_007","70","70","72","70","76","62","81","43","66","60","85","86","74","5539","371485","14","12","27","46.6","52.4","74","86","70","84","70","75","34","68","25","75","74","73","61","86","86","74","45","95","64","62","63","90","68","90","68","90","68","90","68","80","84","79","64","44","69","86","63","80","84","94","79","78","84","80","57","63","83","60","44","80","89","68","75","96","92","90","26","44","96","68","87","19","92","56","56","49","59","73","75","76","88","69","83","79","90","82","88","63","88","91","95","10","22","78","100","65","11","59","75","73","91","65","78","91","86","92","27","74","90","68","90","68","90","68","90","68","91","91","0","0","0","0","0","0","45","40","79","40","56","75","74","43","56","79","94","0","82","0","75","0","87","0","89","0","89","0","96","0","92","0","97","0","62","0","90","0","93","0","84","0","96","0","0"
"118","COMP_008","75","78","68","78","69","61","87","63","68","75","81","84","84","17973","1047567","52","55","34","36.9","36.7","81","88","75","78","92","86","87","91","90","68","74","94","78","95","86","87","46","90","94","79","76","80","66","80","66","80","66","80","66","78","70","61","63","52","76","90","77","93","93","96","89","86","95","95","89","82","81","71","33","57","91","57","73","96","95","92","77","69","90","79","88","52","84","50","43","79","65","53","76","68","81","85","42","70","84","89","97","77","94","97","97","20","38","100","99","55","39","62","84","74","95","73","81","89","87","92","33","89","80","66","80","66","80","66","80","66","72","74","0","0","0","0","0","0","69","79","80","87","85","91","88","29","88","88","90","0","80","0","75","0","88","0","84","0","93","0","97","0","88","0","97","0","73","0","89","0","87","0","95","0","87","0","0"
"119","COMP_009","62","45","78","64","65","53","72","66","75","23","75","68","55","2639","421101","5","6","-18","43.5","42.7","91","100","73","23","73","73","20","59","16","83","16","34","16","84","72","44","72","95","60","44","26","26","93","26","93","26","93","26","93","73","73","32","44","19","26","92","18","90","59","92","71","33","48","46","25","34","43","84","58","83","86","47","94","99","94","85","25","45","95","92","37","11","92","57","23","59","44","46","86","59","94","76","56","20","93","73","82","26","89","92","91","26","29","100","100","80","56","57","97","75","100","72","91","100","91","100","34","84","26","93","26","93","26","93","26","93","93","96","0","0","0","0","0","0","14","16","26","18","18","35","16","16","26","22","85","0","66","0","90","0","84","0","88","0","78","0","85","0","69","0","93","0","61","0","49","0","55","0","97","0","85","0","0"
"121","COMP_010","71","74","61","69","65","68","83","58","66","69","80","72","83","54686","2350952","97","97","34","40.4","42.1","76","88","76","72","88","74","75","85","69","60","64","87","64","87","91","71","74","92","87","72","72","82","68","82","68","82","68","82","68","75","79","51","72","69","80","89","83","90","89","95","91","87","93","92","89","88","77","49","26","45","87","42","73","96","95","86","34","41","82","65","86","64","85","66","54","76","71","73","66","72","70","53","68","59","80","86","94","75","87","91","94","16","31","93","99","67","35","65","77","76","94","74","79","90","85","91","34","61","82","68","82","68","82","68","82","68","67","77","0","0","0","0","0","0","52","59","80","70","82","87","83","27","81","80","88","0","81","0","82","0","90","0","71","0","91","0","90","0","81","0","87","0","70","0","62","0","71","0","90","0","78","0","0"
"123","COMP_011","67","52","46","74","65","63","80","56","67","52","88","86","77","7483","102195","4","26","-16","47.1","49.3","76","88","72","43","41","54","35","59","28","91","59","78","22","65","69","29","51","95","33","28","32","53","61","53","61","53","61","53","61","79","54","23","29","26","31","92","53","91","82","95","85","81","87","91","64","69","69","39","15","35","70","16","78","74","95","90","88","78","70","59","91","26","75","54","66","44","74","84","65","53","69","46","73","52","78","89","92","35","91","84","93","16","17","97","100","81","29","57","80","73","98","70","78","90","83","90","36","83","53","61","53","61","53","61","53","61","79","87","0","0","0","0","0","0","54","50","50","40","64","30","36","9","70","74","93","0","88","0","91","0","82","0","85","0","94","0","93","0","87","0","93","0","83","0","85","0","86","0","93","0","86","0","0"
"123","COMP_011","67","52","46","74","65","63","80","56","67","52","88","86","77","7483","102195","4","26","-16","47.1","49.3","76","88","72","43","41","54","35","59","28","91","59","78","22","65","69","29","51","95","33","28","32","53","61","53","61","53","61","53","61","79","54","23","29","26","31","92","53","91","82","95","85","81","87","91","64","69","69","39","15","35","70","16","78","74","95","90","88","78","70","59","91","26","75","54","66","44","74","84","65","53","69","46","73","52","78","89","92","35","91","84","93","16","17","97","100","81","29","57","80","73","98","70","78","90","83","90","36","83","53","61","53","61","53","61","53","61","79","87","0","0","0","0","0","0","54","50","50","40","64","30","36","9","70","74","93","0","88","0","91","0","82","0","85","0","94","0","93","0","87","0","93","0","83","0","85","0","86","0","93","0","86","0","0"
"124","COMP_012","78","89","74","79","70","68","90","64","69","72","91","74","92","856","134227","4","4","51","58.9","58.7","75","91","82","98","97","91","91","98","98","61","95","90","59","93","100","91","66","66","93","96","96","42","77","42","77","42","77","42","77","77","98","95","75","67","90","75","90","95","90","97","95","96","98","98","95","94","89","58","59","97","95","27","77","95","93","91","18","58","90","91","89","59","89","96","64","40","72","56","58","77","60","60","78","78","78","89","98","74","91","98","97","22","38","100","93","84","53","66","79","83","100","83","79","87","83","96","58","89","42","77","42","77","42","77","42","77","77","77","0","0","0","0","0","0","58","76","42","94","59","97","95","22","89","96","71","0","71","0","71","0","70","0","68","0","71","0","71","0","71","0","71","0","67","0","58","0","59","0","58","0","66","0","0"
"125","COMP_013","80","94","76","86","80","69","80","74","72","83","83","73","88","531","56964","3","5","63","46.2","45.6","82","95","72","99","99","100","96","100","100","80","59","79","61","80","95","91","90","92","99","99","99","98","78","98","78","98","78","98","78","99","98","98","96","95","97","93","97","98","98","94","93","91","93","94","93","81","90","42","29","96","97","78","79","100","97","98","39","60","97","96","94","79","96","57","87","88","76","38","78","89","98","89","57","78","91","94","95","53","72","76","88","21","92","100","99","85","26","50","83","74","100","74","79","96","96","96","40","99","98","78","98","78","98","78","98","78","89","90","0","0","0","0","0","0","89","90","96","94","89","93","89","41","77","89","79","0","89","0","87","0","86","0","86","0","92","0","89","0","83","0","89","0","65","0","41","0","74","0","77","0","90","0","0"
"126","COMP_014","71","79","56","76","48","57","81","78","73","40","91","76","94","2089","243698","3","8","-55","52.5","51.8","77","93","72","92","95","58","93","96","98","74","85","86","73","95","93","95","25","28","98","94","91","35","93","35","93","35","93","35","93","85","84","84","24","19","17","97","95","98","98","98","94","96","99","98","95","77","74","14","21","92","96","16","47","99","98","98","18","45","98","96","60","62","90","82","41","100","35","44","74","32","86","86","18","17","59","95","97","46","74","95","94","23","84","98","99","89","49","51","85","78","100","69","72","94","88","94","46","93","35","93","35","93","35","93","35","93","93","93","0","0","0","0","0","0","11","25","73","22","12","91","73","18","59","47","0","93","0","93","0","96","0","96","0","84","0","96","0","95","0","85","0","96","0","93","0","17","0","85","0","92","0","84","0"
"128","COMP_015","78","87","69","89","67","68","87","70","67","63","92","84","96","1199","70386","3","7","40","39.4","37.3","80","79","71","92","98","85","83","98","97","93","83","85","71","97","97","97","100","100","98","85","84","72","82","72","82","72","82","72","82","85","98","97","35","44","88","94","93","97","97","99","98","99","98","98","95","96","70","33","24","91","97","41","91","96","98","95","82","37","97","97","96","72","96","70","68","100","47","52","97","53","97","97","39","25","91","80","96","45","94","98","97","31","50","100","99","49","83","53","86","80","97","63","73","80","93","83","25","96","72","82","72","82","72","82","72","82","83","92","0","0","0","0","0","0","41","41","55","70","20","95","82","18","95","92","0","97","0","95","0","93","0","96","0","81","0","97","0","94","0","94","0","98","0","84","0","84","0","97","0","72","0","85","0"
"129","COMP_016","72","81","62","79","67","63","84","62","63","80","61","75","88","28496","1201134","10","110","29","29.2","29.3","76","80","72","94","93","80","83","93","87","72","83","93","69","92","93","81","38","94","92","91","95","93","51","93","51","93","51","93","51","78","89","77","84","70","72","92","85","93","94","95","91","92","95","95","92","88","86","55","24","46","91","64","70","90","95","92","61","78","88","73","90","65","93","40","58","53","81","59","87","68","66","84","46","68","86","83","94","74","93","91","96","17","24","99","100","44","81","60","84","71","91","69","73","83","84","87","25","91","93","51","93","51","93","51","93","51","53","62","0","0","0","0","0","0","87","84","90","86","86","96","88","18","92","91","75","0","60","0","73","0","92","0","61","0","67","0","88","0","72","0","82","0","66","0","90","0","89","0","95","0","83","0","0"
"129","COMP_016","72","81","62","79","67","63","84","62","63","80","61","75","88","28496","1201134","10","110","29","29.2","29.3","76","80","72","94","93","80","83","93","87","72","83","93","69","92","93","81","38","94","92","91","95","93","51","93","51","93","51","93","51","78","89","77","84","70","72","92","85","93","94","95","91","92","95","95","92","88","86","55","24","46","91","64","70","90","95","92","61","78","88","73","90","65","93","40","58","53","81","59","87","68","66","84","46","68","86","83","94","74","93","91","96","17","24","99","100","44","81","60","84","71","91","69","73","83","84","87","25","91","93","51","93","51","93","51","93","51","53","62","0","0","0","0","0","0","87","84","90","86","86","96","88","18","92","91","75","0","60","0","73","0","92","0","61","0","67","0","88","0","72","0","82","0","66","0","90","0","89","0","95","0","83","0","0"
"129","COMP_016","72","81","62","79","67","63","84","62","63","80","61","75","88","28496","1201134","10","110","29","29.2","29.3","76","80","72","94","93","80","83","93","87","72","83","93","69","92","93","81","38","94","92","91","95","93","51","93","51","93","51","93","51","78","89","77","84","70","72","92","85","93","94","95","91","92","95","95","92","88","86","55","24","46","91","64","70","90","95","92","61","78","88","73","90","65","93","40","58","53","81","59","87","68","66","84","46","68","86","83","94","74","93","91","96","17","24","99","100","44","81","60","84","71","91","69","73","83","84","87","25","91","93","51","93","51","93","51","93","51","53","62","0","0","0","0","0","0","87","84","90","86","86","96","88","18","92","91","75","0","60","0","73","0","92","0","61","0","67","0","88","0","72","0","82","0","66","0","90","0","89","0","95","0","83","0","0"
"129","COMP_016","72","81","62","79","67","63","84","62","63","80","61","75","88","28496","1201134","10","110","29","29.2","29.3","76","80","72","94","93","80","83","93","87","72","83","93","69","92","93","81","38","94","92","91","95","93","51","93","51","93","51","93","51","78","89","77","84","70","72","92","85","93","94","95","91","92","95","95","92","88","86","55","24","46","91","64","70","90","95","92","61","78","88","73","90","65","93","40","58","53","81","59","87","68","66","84","46","68","86","83","94","74","93","91","96","17","24","99","100","44","81","60","84","71","91","69","73","83","84","87","25","91","93","51","93","51","93","51","93","51","53","62","0","0","0","0","0","0","87","84","90","86","86","96","88","18","92","91","75","0","60","0","73","0","92","0","61","0","67","0","88","0","72","0","82","0","66","0","90","0","89","0","95","0","83","0","0"
"129","COMP_016","72","81","62","79","67","63","84","62","63","80","61","75","88","28496","1201134","10","110","29","29.2","29.3","76","80","72","94","93","80","83","93","87","72","83","93","69","92","93","81","38","94","92","91","95","93","51","93","51","93","51","93","51","78","89","77","84","70","72","92","85","93","94","95","91","92","95","95","92","88","86","55","24","46","91","64","70","90","95","92","61","78","88","73","90","65","93","40","58","53","81","59","87","68","66","84","46","68","86","83","94","74","93","91","96","17","24","99","100","44","81","60","84","71","91","69","73","83","84","87","25","91","93","51","93","51","93","51","93","51","53","62","0","0","0","0","0","0","87","84","90","86","86","96","88","18","92","91","75","0","60","0","73","0","92","0","61","0","67","0","88","0","72","0","82","0","66","0","90","0","89","0","95","0","83","0","0"
"130","COMP_017","69","64","61","74","71","59","85","61","70","60","73","75","77","60020","4825599","199","88","13","37.7","37.9","82","92","76","62","82","71","54","83","52","68","50","77","46","89","76","43","59","95","81","58","53","60","62","60","62","60","62","60","62","74","82","30","55","31","57","89","68","84","88","94","81","70","93","91","81","79","57","45","31","44","87","35","83","97","96","91","64","66","87","69","87","35","88","62","56","62","46","38","83","73","79","75","67","57","90","88","94","67","93","95","94","14","49","100","99","69","31","63","85","77","98","75","84","92","89","94","37","76","60","62","60","62","60","62","60","62","80","85","0","0","0","0","0","0","54","46","62","52","52","77","62","20","77","82","85","0","62","0","75","0","83","0","71","0","89","0","88","0","77","0","91","0","64","0","67","0","80","0","86","0","89","0","0"
"132","COMP_018","86","96","84","92","74","68","92","64","51","95","86","87","99","875","42805","3","7","80","36.2","36.4","67","66","66","99","99","99","97","100","98","96","70","92","55","98","98","97","79","100","99","98","99","97","32","97","32","97","32","97","32","86","98","96","96","95","99","100","97","100","100","99","97","98","100","100","97","99","98","84","85","84","94","69","94","97","98","100","87","97","95","95","96","93","93","48","40","100","74","92","88","93","92","81","82","92","82","81","98","82","96","99","97","65","40","95","99","60","49","55","85","74","85","77","74","81","77","81","20","92","97","32","97","32","97","32","97","32","31","44","0","0","0","0","0","0","93","97","93","97","92","100","97","84","100","99","0","91","0","81","0","95","0","71","0","83","0","94","0","99","0","93","0","100","0","94","0","82","0","97","0","55","0","92","0"
"133","COMP_019","71","75","68","81","68","59","83","55","67","57","82","68","84","34608","2310176","32","42","28","50.3","52","73","89","74","82","86","82","72","90","70","85","58","93","52","92","94","77","61","91","93","82","72","56","75","56","75","56","75","56","75","89","81","52","48","36","78","89","71","92","89","95","91","85","94","93","92","86","77","62","57","57","86","45","81","98","96","91","81","91","89","72","92","54","90","72","38","84","38","36","77","63","90","89","35","53","80","92","93","80","93","90","94","19","29","96","97","67","21","60","77","72","95","74","76","90","81","94","55","57","56","75","56","75","56","75","56","75","83","78","0","0","0","0","0","0","18","49","54","46","63","79","81","28","66","59","88","0","88","0","85","0","90","0","80","0","90","0","88","0","83","0","94","0","63","0","51","0","52","0","86","0","61","0","0"
"133","COMP_019","71","75","68","81","68","59","83","55","67","57","82","68","84","34608","2310176","32","42","28","50.3","52","73","89","74","82","86","82","72","90","70","85","58","93","52","92","94","77","61","91","93","82","72","56","75","56","75","56","75","56","75","89","81","52","48","36","78","89","71","92","89","95","91","85","94","93","92","86","77","62","57","57","86","45","81","98","96","91","81","91","89","72","92","54","90","72","38","84","38","36","77","63","90","89","35","53","80","92","93","80","93","90","94","19","29","96","97","67","21","60","77","72","95","74","76","90","81","94","55","57","56","75","56","75","56","75","56","75","83","78","0","0","0","0","0","0","18","49","54","46","63","79","81","28","66","59","88","0","88","0","85","0","90","0","80","0","90","0","88","0","83","0","94","0","63","0","51","0","52","0","86","0","61","0","0"
"133","COMP_019","71","75","68","81","68","59","83","55","67","57","82","68","84","34608","2310176","32","42","28","50.3","52","73","89","74","82","86","82","72","90","70","85","58","93","52","92","94","77","61","91","93","82","72","56","75","56","75","56","75","56","75","89","81","52","48","36","78","89","71","92","89","95","91","85","94","93","92","86","77","62","57","57","86","45","81","98","96","91","81","91","89","72","92","54","90","72","38","84","38","36","77","63","90","89","35","53","80","92","93","80","93","90","94","19","29","96","97","67","21","60","77","72","95","74","76","90","81","94","55","57","56","75","56","75","56","75","56","75","83","78","0","0","0","0","0","0","18","49","54","46","63","79","81","28","66","59","88","0","88","0","85","0","90","0","80","0","90","0","88","0","83","0","94","0","63","0","51","0","52","0","86","0","61","0","0"
"137","COMP_020","84","94","74","91","64","66","95","75","87","82","99","84","97","595","28563","7","1","63","37","34.3","93","96","90","99","98","91","76","98","99","99","96","90","90","98","97","96","98","98","97","98","98","76","98","76","98","76","98","76","98","98","98","98","86","95","97","100","93","100","99","100","98","99","99","100","99","95","91","58","24","93","95","62","97","100","99","100","58","95","99","98","94","94","79","79","44","100","60","76","75","77","77","78","40","41","60","78","99","96","98","100","97","42","23","95","100","56","89","75","96","96","100","92","96","96","92","96","55","96","76","98","76","98","76","98","76","98","93","94","0","0","0","0","0","0","78","94","78","93","60","99","96","29","98","91","0","98","0","99","0","99","0","99","0","98","0","99","0","100","0","99","0","99","0","93","0","60","0","98","0","93","0","80","0"
"137","COMP_020","84","94","74","91","64","66","95","75","87","82","99","84","97","595","28563","7","1","63","37","34.3","93","96","90","99","98","91","76","98","99","99","96","90","90","98","97","96","98","98","97","98","98","76","98","76","98","76","98","76","98","98","98","98","86","95","97","100","93","100","99","100","98","99","99","100","99","95","91","58","24","93","95","62","97","100","99","100","58","95","99","98","94","94","79","79","44","100","60","76","75","77","77","78","40","41","60","78","99","96","98","100","97","42","23","95","100","56","89","75","96","96","100","92","96","96","92","96","55","96","76","98","76","98","76","98","76","98","93","94","0","0","0","0","0","0","78","94","78","93","60","99","96","29","98","91","0","98","0","99","0","99","0","99","0","98","0","99","0","100","0","99","0","99","0","93","0","60","0","98","0","93","0","80","0"
"138","COMP_021","79","87","75","89","76","56","91","70","67","84","85","83","86","2913","131121","6","20","81","46.6","45.9","83","92","73","95","96","95","86","96","69","92","82","92","30","91","80","79","84","98","89","95","96","87","79","87","79","87","79","87","79","75","96","92","94","77","97","80","78","94","94","97","94","91","95","94","83","87","83","89","73","79","92","18","89","98","96","96","92","95","97","92","98","45","87","51","33","88","56","50","56","92","87","83","49","84","88","95","99","36","97","97","97","20","22","97","100","69","93","53","90","77","96","73","84","95","86","95","35","79","87","79","87","79","87","79","87","79","56","69","0","0","0","0","0","0","86","92","92","79","87","96","92","44","87","94","89","0","80","0","67","0","93","0","72","0","98","0","96","0","90","0","95","0","47","0","96","0","95","0","73","0","84","0","0"
"139","COMP_022","74","87","73","89","77","46","71","55","58","73","89","80","82","4206","166494","9","17","69","46.5","48.4","72","84","66","94","95","92","53.5","95","86","85.5","21.5","95","79","95","92","87.5","92","97","94","92","77.5","91.5","87","91.5","87","91.5","87","91.5","87","91","95.5","92","92.5","62.5","96","79.5","54","92","87","98","89.5","83","94","95.5","89.5","88","41","78","65","72","93.5","40","74","98","98","96","77.5","87","97","95","94","45.5","91","25.5","29","77","37","35.5","62.5","82.5","92","89","65","80.5","88","91","97","39.5","89.5","93","96","18","17","86.5","98.5","48.5","65.5","46.5","75.5","71","88.5","65","71","92","82","87","27.5","66.5","91.5","87","91.5","87","91.5","87","91.5","87","48.5","45.5","0","0","0","0","0","0","75","86","60","86","61","95","82.5","24.5","86","89.5","92","0","82","0","79","0","93.5","0","82","0","97","0","96","0","91","0","95","0","55.5","0","93","0","94","0","66.5","0","82","0","0"
"139","COMP_022","74","87","73","89","77","46","71","55","58","73","89","80","82","4206","166494","9","17","69","46.5","48.4","72","84","66","94","95","92","53.5","95","86","85.5","21.5","95","79","95","92","87.5","92","97","94","92","77.5","91.5","87","91.5","87","91.5","87","91.5","87","91","95.5","92","92.5","62.5","96","79.5","54","92","87","98","89.5","83","94","95.5","89.5","88","41","78","65","72","93.5","40","74","98","98","96","77.5","87","97","95","94","45.5","91","25.5","29","77","37","35.5","62.5","82.5","92","89","65","80.5","88","91","97","39.5","89.5","93","96","18","17","86.5","98.5","48.5","65.5","46.5","75.5","71","88.5","65","71","92","82","87","27.5","66.5","91.5","87","91.5","87","91.5","87","91.5","87","48.5","45.5","0","0","0","0","0","0","75","86","60","86","61","95","82.5","24.5","86","89.5","92","0","82","0","79","0","93.5","0","82","0","97","0","96","0","91","0","95","0","55.5","0","93","0","94","0","66.5","0","82","0","0"
"140","COMP_023","63","56","62","58","58","61","80","53","62","56","69","76","66","5778","211349","4","11","-14","40.5","43.6","70","85","77","55","73","27","18","93","34","85","29","62","19","87","55","73","26","93","64","92","30","64","31","64","31","64","31","64","31","83","93","73","28","21","33","89","74","82","82","73","53","53","65","64","64","64","35","44","33","81","89","52","35","95","84","65","18","52","91","82","83","14","64","32","72","76","74","44","83","37","66","89","24","52","83","90","98","22","82","96","94","18","22","67","99","60","52","66","80","75","95","75","77","82","73","95","28","73","64","31","64","31","64","31","64","31","54","44","0","0","0","0","0","0","54","30","44","64","74","65","54","43","45","54","81","0","55","0","56","0","88","0","45","0","77","0","92","0","65","0","95","0","55","0","72","0","92","0","73","0","92","0","0"
"142","COMP_024","86","92","92","88","82","72","94","80","79","88","87","85","91","280","24155","2","5","88","44.9","42.5","90","95","81","93","94","99","98","99","95","93","77","79","79","90","100","98","58","100","99","98","91","98","78","98","78","98","78","98","78","98","91","98","97","97","99","93","99","93","93","93","100","98","100","91","93","99","98","77","94","96","97","95","93","93","99","100","58","60","90","97","90","98","97","90","28","91","91","76","56","89","81","81","89","97","94","94","100","90","75","100","98","40","41","100","99","90","79","66","96","92","100","70","83","96","96","96","74","97","98","78","98","78","98","78","98","78","91","79","0","0","0","0","0","0","74","78","97","78","96","99","98","88","91","99","88","0","86","0","86","0","90","0","86","0","60","0","95","0","91","0","99","0","90","0","65","0","93","0","87","0","87","0","0"
"147","COMP_025","73","72","64","76","64","64","85","66","66","71","79","82","85","80530","4693974","126","303","13","36.2","36.1","79","88","75","78","89","68","77","90","84","71","74","92","64","92","84","79","44","89","89","73","71","76","53","76","53","76","53","76","53","69","66","46","56","43","57","92","81","92","93","97","90","87","95","94","89","87","82","72","33","48","88","42","60","96","95","88","72","70","88","69","90","63","83","58","51","67","71","56","82","61","73","74","46","58","80","88","93","69","94","93","95","21","37","98","99","66","50","63","83","74","95","73","80","89","87","92","31","89","76","53","76","53","76","53","76","53","66","68","0","0","0","0","0","0","74","70","75","84","72","81","76","26","85","88","90","0","74","0","79","0","87","0","85","0","94","0","95","0","88","0","91","0","74","0","92","0","88","0","93","0","90","0","0"
"147","COMP_025","73","72","64","76","64","64","85","66","66","71","79","82","85","80530","4693974","126","303","13","36.2","36.1","79","88","75","78","89","68","77","90","84","71","74","92","64","92","84","79","44","89","89","73","71","76","53","76","53","76","53","76","53","69","66","46","56","43","57","92","81","92","93","97","90","87","95","94","89","87","82","72","33","48","88","42","60","96","95","88","72","70","88","69","90","63","83","58","51","67","71","56","82","61","73","74","46","58","80","88","93","69","94","93","95","21","37","98","99","66","50","63","83","74","95","73","80","89","87","92","31","89","76","53","76","53","76","53","76","53","66","68","0","0","0","0","0","0","74","70","75","84","72","81","76","26","85","88","90","0","74","0","79","0","87","0","85","0","94","0","95","0","88","0","91","0","74","0","92","0","88","0","93","0","90","0","0"
"147","COMP_025","73","72","64","76","64","64","85","66","66","71","79","82","85","80530","4693974","126","303","13","36.2","36.1","79","88","75","78","89","68","77","90","84","71","74","92","64","92","84","79","44","89","89","73","71","76","53","76","53","76","53","76","53","69","66","46","56","43","57","92","81","92","93","97","90","87","95","94","89","87","82","72","33","48","88","42","60","96","95","88","72","70","88","69","90","63","83","58","51","67","71","56","82","61","73","74","46","58","80","88","93","69","94","93","95","21","37","98","99","66","50","63","83","74","95","73","80","89","87","92","31","89","76","53","76","53","76","53","76","53","66","68","0","0","0","0","0","0","74","70","75","84","72","81","76","26","85","88","90","0","74","0","79","0","87","0","85","0","94","0","95","0","88","0","91","0","74","0","92","0","88","0","93","0","90","0","0"
"147","COMP_025","73","72","64","76","64","64","85","66","66","71","79","82","85","80530","4693974","126","303","13","36.2","36.1","79","88","75","78","89","68","77","90","84","71","74","92","64","92","84","79","44","89","89","73","71","76","53","76","53","76","53","76","53","69","66","46","56","43","57","92","81","92","93","97","90","87","95","94","89","87","82","72","33","48","88","42","60","96","95","88","72","70","88","69","90","63","83","58","51","67","71","56","82","61","73","74","46","58","80","88","93","69","94","93","95","21","37","98","99","66","50","63","83","74","95","73","80","89","87","92","31","89","76","53","76","53","76","53","76","53","66","68","0","0","0","0","0","0","74","70","75","84","72","81","76","26","85","88","90","0","74","0","79","0","87","0","85","0","94","0","95","0","88","0","91","0","74","0","92","0","88","0","93","0","90","0","0"
"147","COMP_025","73","72","64","76","64","64","85","66","66","71","79","82","85","80530","4693974","126","303","13","36.2","36.1","79","88","75","78","89","68","77","90","84","71","74","92","64","92","84","79","44","89","89","73","71","76","53","76","53","76","53","76","53","69","66","46","56","43","57","92","81","92","93","97","90","87","95","94","89","87","82","72","33","48","88","42","60","96","95","88","72","70","88","69","90","63","83","58","51","67","71","56","82","61","73","74","46","58","80","88","93","69","94","93","95","21","37","98","99","66","50","63","83","74","95","73","80","89","87","92","31","89","76","53","76","53","76","53","76","53","66","68","0","0","0","0","0","0","74","70","75","84","72","81","76","26","85","88","90","0","74","0","79","0","87","0","85","0","94","0","95","0","88","0","91","0","74","0","92","0","88","0","93","0","90","0","0"
"150","COMP_026","66","67","68","72","72","57","80","48","68","56","74","67","64","6295","455217","8","19","40","39","42.5","81","91","75","87","87","74","33","80","33","75","46","85","37","69","76","47","44","90","59","69","69","76","59","76","59","76","59","76","59","59","70","70","75","24","80","58","53","69","80","84","52","47","75","75","65","59","38","59","37","64","81","53","79","94","92","70","53","85","96","70","92","15","85","38","42","80","56","34","75","79","76","65","51","70","93","88","89","40","92","93","92","12","23","100","98","47","18","66","84","75","98","67","85","92","84","95","31","53","76","59","76","59","76","59","76","59","89","94","0","0","0","0","0","0","53","38","59","47","60","71","59","25","47","64","89","0","74","0","68","0","73","0","73","0","83","0","93","0","88","0","89","0","52","0","73","0","80","0","77","0","80","0","0"
"151","COMP_027","77","81","77","83","77","66","90","69","70","64","85","77","89","2599","121207","5","15","30","47.7","46.7","82","93","74","70","89","82","77","95","92","92","75","89","40","93","89","70","82","95","90","89","83","62","54","62","54","62","54","62","54","83","84","75","95","67","85","94","87","91","93","97","93","95","95","96","90","91","81","52","53","91","94","41","87","97","97","87","70","81","91","91","89","53","94","59","61","89","62","46","87","91","92","93","44","45","92","85","97","72","93","97","95","32","42","100","98","57","61","61","86","75","98","71","78","95","92","93","60","92","62","54","62","54","62","54","62","54","72","71","0","0","0","0","0","0","29","69","69","62","40","83","83","33","76","86","92","0","81","0","84","0","96","0","78","0","89","0","89","0","77","0","94","0","60","0","49","0","82","0","92","0","92","0","0"
"152","COMP_028","70","73","66","72","69","59","73","68","69","65","83","75","70","10514","1201870","13","31","21","44.8","44.1","81","92","72","91","88","90","48","78.5","75.5","80.5","54","73","51","92.5","90","88","68.5","94","77.5","78.5","78.5","76","72.5","76","72.5","76","72.5","76","72.5","72","84","72.5","74","35","65.5","87.5","57","83","74.5","90","80.5","54","86.5","89","77.5","67.5","47","52.5","39.5","64.5","85.5","68","76.5","91.5","95","90","51","54","89.5","88.5","88","22","90.5","59","44.5","95","49","31.5","75.5","81.5","93.5","87","40.5","47","79","69.5","88","45","87.5","83","90","19.5","44","98","99","83.5","55.5","62","86.5","72.5","99","74.5","80","93.5","88","94.5","38.5","90.5","76","72.5","76","72.5","76","72.5","76","72.5","78","83","0","0","0","0","0","0","50","47","75.5","54.5","68.5","88","75.5","44","78.5","81","91","0","80","0","78.5","0","84.5","0","82.5","0","94.5","0","94","0","87","0","94","0","58.5","0","79","0","84.5","0","76","0","90.5","0","0"
"152","COMP_028","70","73","66","72","69","59","73","68","69","65","83","75","70","10514","1201870","13","31","21","44.8","44.1","81","92","72","91","88","90","48","78.5","75.5","80.5","54","73","51","92.5","90","88","68.5","94","77.5","78.5","78.5","76","72.5","76","72.5","76","72.5","76","72.5","72","84","72.5","74","35","65.5","87.5","57","83","74.5","90","80.5","54","86.5","89","77.5","67.5","47","52.5","39.5","64.5","85.5","68","76.5","91.5","95","90","51","54","89.5","88.5","88","22","90.5","59","44.5","95","49","31.5","75.5","81.5","93.5","87","40.5","47","79","69.5","88","45","87.5","83","90","19.5","44","98","99","83.5","55.5","62","86.5","72.5","99","74.5","80","93.5","88","94.5","38.5","90.5","76","72.5","76","72.5","76","72.5","76","72.5","78","83","0","0","0","0","0","0","50","47","75.5","54.5","68.5","88","75.5","44","78.5","81","91","0","80","0","78.5","0","84.5","0","82.5","0","94.5","0","94","0","87","0","94","0","58.5","0","79","0","84.5","0","76","0","90.5","0","0"
"153","COMP_029","62","50","53","54","62","57","79","68","70","35","76","76","65","6944","759905","16","7","-4","45","44.1","83","96","77","44","54","48","19","48","36","62","25","32","23","61","76","54","36","93","47","24","54","37","57","37","57","37","57","37","57","81","74","25","47","27","39","85","61","80","54","81","75","48","89","61","73","80","32","23","24","48","84","29","49","95","91","88","16","25","87","49","54","17","81","43","45","56","88","54","41","39","87","62","55","42","81","93","76","58","64","85","87","12","57","97","99","86","63","66","84","77","97","74","87","97","87","96","42","86","37","57","37","57","37","57","37","57","69","90","0","0","0","0","0","0","26","25","31","14","23","37","16","18","41","61","83","0","73","0","78","0","83","0","80","0","82","0","78","0","72","0","88","0","59","0","70","0","75","0","66","0","88","0","0"
"154","COMP_030","68","44","50","74","74","66","85","52","68","48","91","86","77","7692","233197","5","24","-17","49.2","51.9","78","86","75","33","40","61","30","56","16","91","71","72","20","81","48","25","61","94","21","17","25","52","52","52","52","52","52","52","52","57","31","15","24","22","29","91","77","88","88","95","85","77","74","77","81","82","81","43","14","33","87","21","72","83","94","92","81","86","69","53","94","26","85","67","44","41","85","77","86","81","84","57","80","81","78","85","94","50","96","91","95","16","15","99","100","68","25","65","80","74","99","70","81","88","86","86","51","86","52","52","52","52","52","52","52","52","73","85","0","0","0","0","0","0","46","68","57","42","62","26","23","9","58","68","94","0","94","0","93","0","91","0","89","0","94","0","94","0","95","0","95","0","84","0","87","0","89","0","92","0","91","0","0"
"155","COMP_031","71","80","55","78","68","60","83","62","60","74","67","80","87","33366","1438883","9","95","14","30.6","30.6","73","81","72","96","94","80","85","92","88","58","88","94","59","93","93","72","55","94","90","91","94","93","42","93","42","93","42","93","42","70","83","64","57","47","58","92","86","90","94","95","89","92","95","96","92","92","82","25","22","49","87","33","70","92","95","91","64","79","89","74","86","55","93","31","56","51","84","62","74","62","70","77","63","66","85","88","94","49","93","92","96","20","24","99","99","36","82","61","79","71","91","66","72","83","81","87","18","89","93","42","93","42","93","42","93","42","55","56","0","0","0","0","0","0","87","86","89","86","31","93","87","16","89","91","82","0","71","0","74","0","90","0","61","0","79","0","93","0","80","0","83","0","66","0","86","0","92","0","95","0","93","0","0"
"158","COMP_032","61","56","56","65","60","51","68","56","56","62","65","66","70","16109","510398","20","18","-10","31.1","34.3","62","71","70","52","52.5","53.5","16.5","59.5","42.5","37","48.5","61.5","57","58","63.5","64.5","39.5","91.5","50.5","44","47.5","77.5","74","77.5","74","77.5","74","77.5","74","65.5","74.5","45.5","43","39","38.5","88","66.5","70","74.5","80.5","73","71","74","87.5","73","67.5","47.5","45","25.5","49.5","81.5","36","40.5","91","94","71.5","41.5","38","85.5","68","81.5","47","67","39","85.5","30.5","59","40","62","61.5","65.5","68.5","45","38.5","75.5","66.5","75.5","64","77","69","92","12","21.5","83.5","100","71","67.5","65","64.5","75.5","87.5","64.5","66.5","80.5","75.5","78.5","21","51.5","77.5","74","77.5","74","77.5","74","77.5","74","64.5","82","0","0","0","0","0","0","56.5","43","73.5","58","74","70.5","52.5","42","68.5","69.5","70","0","60","0","68","0","64.5","0","70","0","58.5","0","75","0","63","0","66.5","0","70.5","0","47.5","0","73","0","53","0","73.5","0","0"
"158","COMP_032","61","56","56","65","60","51","68","56","56","62","65","66","70","16109","510398","20","18","-10","31.1","34.3","62","71","70","52","52.5","53.5","16.5","59.5","42.5","37","48.5","61.5","57","58","63.5","64.5","39.5","91.5","50.5","44","47.5","77.5","74","77.5","74","77.5","74","77.5","74","65.5","74.5","45.5","43","39","38.5","88","66.5","70","74.5","80.5","73","71","74","87.5","73","67.5","47.5","45","25.5","49.5","81.5","36","40.5","91","94","71.5","41.5","38","85.5","68","81.5","47","67","39","85.5","30.5","59","40","62","61.5","65.5","68.5","45","38.5","75.5","66.5","75.5","64","77","69","92","12","21.5","83.5","100","71","67.5","65","64.5","75.5","87.5","64.5","66.5","80.5","75.5","78.5","21","51.5","77.5","74","77.5","74","77.5","74","77.5","74","64.5","82","0","0","0","0","0","0","56.5","43","73.5","58","74","70.5","52.5","42","68.5","69.5","70","0","60","0","68","0","64.5","0","70","0","58.5","0","75","0","63","0","66.5","0","70.5","0","47.5","0","73","0","53","0","73.5","0","0"
"159","COMP_033","75","88","74","83","70","52","87","55","56","85","89","79","81","2655","25758","8","10","73","27.5","30.6","67","73","67","96","98","92","26","98","95","94","93","88","93","95","93","98","94","96","92","81","89","82","64","82","64","82","64","82","64","89","98","95","82","75","96","88","66","94","88","96","92","87","96","92","82","75","56","65","39","64","81","88","82","100","92","95","75","88","95","95","93","75","83","41","67","92","42","32","47","87","86","64","48","74","87","79","83","83","93","90","94","16","27","91","100","36","40","64","72","63","87","61","68","79","78","79","23","74","82","64","82","64","82","64","82","64","47","65","0","0","0","0","0","0","89","93","88","95","67","96","95","66","92","95","97","0","89","0","91","0","90","0","96","0","97","0","79","0","95","0","88","0","81","0","69","0","89","0","85","0","88","0","0"
"160","COMP_034","71","69","66","70","68","67","78","62","62","64","88","79","80","4179","215736","6","19","12","45.2","44.6","79","83","70","93","78","66","52","95","61","96","52","83","24","92","54","73","82","87","74","60","48","47","59","47","59","47","59","47","59","72","91","59","47","43","56","92","65","78","94","95","91","66","90","95","76","86","54","75","51","71","74","20","82","93","86","93","40","81","91","77","65","21","91","48","48","73","87","82","76","71","78","82","65","48","87","95","86","32","85","89","90","22","68","100","97","48","30","62","84","63","93","69","82","86","84","88","24","87","47","59","47","59","47","59","47","59","59","54","0","0","0","0","0","0","34","78","81","38","34","92","66","42","87","82","91","0","92","0","84","0","85","0","86","0","94","0","93","0","93","0","85","0","63","0","81","0","85","0","95","0","68","0","0"
"165","COMP_035","60","32","40","49","66","77","61","72","56","43","81","89","54","4093","326694","0","12","-46","45.8","45.3","69","78","57","16","20","17","8","89","8","80","20","13","8","41","28","28","45","92","9","28","33","45","86","45","86","45","86","45","86","27","91","20","18","14","15","88","27","55","57","67","34","54","42","33","53","67","34","27","56","54","55","16","24","24","77","66","23","57","88","55","33","6","55","69","66","95","89","68","90","54","89","46","77","44","86","92","64","14","30","86","75","49","38","100","100","80","30","28","74","71","90","57","66","81","74","85","20","89","45","86","45","86","45","86","45","86","68","88","0","0","0","0","0","0","28","78","43","56","17","15","28","89","34","30","89","0","89","0","67","0","75","0","62","0","94","0","89","0","86","0","93","0","56","0","95","0","95","0","90","0","94","0","0"
"168","COMP_036","77","79","72","78","84","80","68","74","74","69","82","81","80","3932","306348","6","13","48","45.6","43.4","81","86","86","95","94","88","87","93","93","69","81","76","45","92","96","77","68","96","88","67","61","87","61","87","61","87","61","87","61","92","94","82","59","38","87","90","88","82","83","94","89","87","95","93","87","88","74","42","58","81","83","67","83","99","94","90","58","43","96","94","75","59","94","89","86","91","86","88","86","82","88","92","95","83","92","58","65","41","87","66","90","39","51","95","91","85","93","80","88","79","91","82","75","90","90","90","72","92","87","61","87","61","87","61","87","61","77","83","0","0","0","0","0","0","68","67","67","50","50","88","81","51","83","90","87","0","88","0","90","0","86","0","87","0","83","0","92","0","84","0","94","0","91","0","68","0","91","0","80","0","93","0","0"
"169","COMP_037","63","47","59","68","64","71","81","68","62","45","53","55","76","17110","926561","42","11","-22","32.9","32.4","72","85","70","33","54","37","23","29","24","25","37","59","50","83","72","58","16","86","61","33","30","23","44","23","44","23","44","23","44","44","31","26","37","25","26","93","71","72","78","94","81","57","89","91","82","79","68","40","33","34","86","34","83","97","94","86","44","44","85","48","89","42","88","82","69","71","64","68","83","57","51","71","80","36","90","86","90","61","84","89","92","21","83","100","99","75","20","54","75","71","94","70","72","88","84","92","57","48","23","44","23","44","23","44","23","44","74","67","0","0","0","0","0","0","18","43","27","32","19","37","34","30","60","71","74","0","67","0","59","0","73","0","62","0","57","0","51","0","58","0","57","0","62","0","49","0","51","0","66","0","71","0","0"
"170","COMP_038","65","50","53","56","61","72","93","62","62","43","62","74","91","2397","78453","4","6","-30","35.2","35.4","69","89","75","53","41","82","23","70","27","40","24","30","71","69","31","55","85","92","55","21","23","69","81","69","81","69","81","69","81","41","71","18","57","27","27","82","93","93","90","93","92","89","90","94","92","93","93","40","29","40","82","29","31","91","92","69","53","52","42","53","69","18","31","64","92","72","65","69","70","41","54","69","82","41","71","92","95","74","96","97","96","16","30","96","99","65","58","69","75","75","91","69","72","94","81","97","32","58","69","81","69","81","69","81","69","81","56","39","0","0","0","0","0","0","23","28","24","23","91","69","40","21","30","40","51","0","43","0","43","0","29","0","38","0","93","0","64","0","63","0","61","0","50","0","61","0","66","0","66","0","52","0","0"
"172","COMP_039","67","61","58","70","60","65","83","60","58","57","71","75","83","7777","481429","8","24","6","35.8","36.3","68","77","72","60","82","55","28","90","60","50","47","50","38","88","83","56","68","94","55","43","38","60","64","60","64","60","64","60","64","60","79","39","47","35","49","94","82","93","88","95","88","85","93","94","88","75","89","49","23","65","89","39","50","92","90","89","41","27","78","82","92","45","85","65","51","85","57","49","82","50","77","63","35","53","88","89","92","70","94","86","95","14","23","97","100","36","95","59","75","68","93","73","68","81","80","84","20","77","60","64","60","64","60","64","60","64","59","65","0","0","0","0","0","0","26","54","32","65","73","73","59","20","85","89","78","0","67","0","70","0","82","0","62","0","91","0","79","0","83","0","92","0","76","0","73","0","83","0","90","0","63","0","0"
"173","COMP_040","82","91","88","95","69","70","92","69","65","81","86","78","95","438","25803","1","3","75","47.5","47.1","75","91","82","96","96","96","96","96","96","94","75","94","42","77","96","96","73","94","96","96","96","75","21","75","21","75","21","75","21","77","94","96","94","95","97","96","94","96","96","96","96","94","96","96","94","96","94","77","75","96","79","96","94","98","96","96","94","96","98","98","96","79","96","40","64","94","77","94","42","94","42","38","75","75","77","68","94","92","94","94","96","16","42","100","100","89","40","83","74","74","100","74","83","100","83","83","40","42","75","21","75","21","75","21","75","21","40","40","0","0","0","0","0","0","92","77","92","94","40","94","94","23","96","77","92","0","54","0","52","0","84","0","94","0","56","0","52","0","56","0","47","0","51","0","55","0","55","0","46","0","93","0","0"
"173","COMP_040","82","91","88","95","69","70","92","69","65","81","86","78","95","438","25803","1","3","75","47.5","47.1","75","91","82","96","96","96","96","96","96","94","75","94","42","77","96","96","73","94","96","96","96","75","21","75","21","75","21","75","21","77","94","96","94","95","97","96","94","96","96","96","96","94","96","96","94","96","94","77","75","96","79","96","94","98","96","96","94","96","98","98","96","79","96","40","64","94","77","94","42","94","42","38","75","75","77","68","94","92","94","94","96","16","42","100","100","89","40","83","74","74","100","74","83","100","83","83","40","42","75","21","75","21","75","21","75","21","40","40","0","0","0","0","0","0","92","77","92","94","40","94","94","23","96","77","92","0","54","0","52","0","84","0","94","0","56","0","52","0","56","0","47","0","51","0","55","0","55","0","46","0","93","0","0"
"174","COMP_041","76","82","76","73","79","48","86","65","63","73","86","89","91","1984","164837","7","7","50","37.8","37.2","81","95","74","95","95","93","93","97","91","95","93","89","80","95","33","82","61","96","82","91","88","85","32","85","32","85","32","85","32","62","74","83","45","78","88","95","95","96","96","96","97","90","90","95","95","93","94","82","61","93","82","41","83","99","92","96","37","70","74","82","91","48","80","33","23","44","60","49","80","79","94","90","69","81","88","80","96","46","94","96","97","20","20","100","98","78","58","73","90","69","100","66","78","93","86","98","40","89","85","32","85","32","85","32","85","32","40","40","0","0","0","0","0","0","39","81","52","88","51","92","88","71","90","96","93","0","94","0","47","0","91","0","77","0","95","0","96","0","84","0","97","0","80","0","79","0","96","0","94","0","90","0","0"
"175","COMP_042","70","71","63","69","62","54","87","56","62","68","88","83","75","18755","496119","63","32","21","31.3","33","69","80","74","81","83","80","20","78","55","53","57","90","82","78","90","81","69","96","77","55","82","89","83","89","83","89","83","89","83","76","79","57","66","54","68","87","66","83","83","94","88","77","75","89","78","78","50","46","23","44","75","72","84","97","95","89","40","59","84","72","79","50","74","65","52","39","33","49","72","60","71","64","44","55","78","90","92","83","89","91","95","11","16","97","100","68","64","62","69","74","92","72","74","86","80","84","21","75","89","83","89","83","89","83","89","83","83","90","0","0","0","0","0","0","76","70","72","68","90","83","60","31","72","81","95","0","89","0","74","0","87","0","89","0","94","0","95","0","94","0","81","0","75","0","87","0","94","0","92","0","89","0","0"
"178","COMP_043","78","91","63","86","77","70","89","67","56","83","82","80","96","1513","58863","6","6","75","31.6","30.8","64","72","76","96","97","93","90","97","98","89","97","78","78","97","95","98","56","97","88","92","98","93","76","93","76","93","76","93","76","67","94","77","88","94","96","95","90","97","99","99","97","97","99","98","99","99","88","29","40","51","86","41","86","96","86","94","90","53","91","87","91","96","94","85","34","84","76","85","64","86","77","93","86","63","64","77","94","76","96","94","96","10","53","100","100","57","90","58","72","83","80","72","63","86","77","80","19","88","93","76","93","76","93","76","93","76","50","50","0","0","0","0","0","0","64","76","94","77","86","95","92","49","94","91","0","86","0","92","0","93","0","76","0","74","0","94","0","86","0","86","0","97","0","68","0","43","0","88","0","88","0","96","0"
"179","COMP_044","84","98","78","94","86","69","98","60","82","68","94","91","99","465","49094","3","2","100","52","53.6","86","96","78","100","97","97","99","100","100","94","94","92","96","96","85","99","100","100","100","100","100","85","99","85","99","85","99","85","99","96","99","99","97","97","98","97","97","99","100","100","100","99","100","100","99","99","97","24","48","96","99","84","97","88","100","100","84","92","97","99","94","87","87","96","82","98","29","28","85","93","97","94","27","80","96","95","98","97","98","100","100","30","84","100","100","50","15","55","89","77","94","77","72","94","100","94","78","97","85","99","85","99","85","99","85","99","97","97","0","0","0","0","0","0","55","29","81","31","54","100","97","27","81","94","93","0","92","0","88","0","87","0","96","0","97","0","97","0","96","0","98","0","88","0","89","0","98","0","97","0","93","0","0"
"180","COMP_045","88","96","97","90","92","72","97","65","84","83","98","95","95","278","26977","4","1","80","53.4","53.7","94","100","84","97","100","97","98","87","98","100","97","87","95","97","95","98","81","100","100","100","95","33","97","33","97","33","97","33","97","98","87","86","97","99","98","98","98","100","100","100","100","95","98","100","86","87","84","97","86","98","100","97","98","100","98","97","55","28","100","100","97","97","97","84","77","97","23","53","93","97","98","98","82","55","97","98","100","92","92","100","100","20","30","86","84","77","79","80","93","80","100","80","93","100","100","100","51","81","33","97","33","97","33","97","33","97","97","86","0","0","0","0","0","0","81","84","93","82","19","100","97","87","97","97","100","0","95","0","100","0","94","0","99","0","99","0","98","0","98","0","100","0","93","0","88","0","99","0","97","0","98","0","0"
"181","COMP_046","85","94","90","88","90","79","89","74","86","89","61","82","93","737","50507","6","4","70","39.9","38.8","94","94","90","95","98","99","98","98","98","95","95","96","96","99","93","99","95","99","95","97","99","97","92","97","92","97","92","97","92","99","95","87","98","98","94","96","98","94","97","97","94","94","97","98","97","85","95","95","95","95","95","94","95","93","97","97","94","95","98","86","94","86","87","83","83","97","96","93","50","95","94","98","95","94","95","90","95","95","85","95","97","19","64","100","100","92","40","80","93","90","97","90","97","97","97","97","36","93","97","92","97","92","97","92","97","92","92","97","0","0","0","0","0","0","96","95","97","96","86","95","93","85","95","97","44","0","36","0","36","0","29","0","29","0","36","0","36","0","43","0","52","0","55","0","45","0","45","0","55","0","56","0","0"
"182","COMP_047","83","95","77","90","85","68","85","76","72","86","87","86","95","231","8304","3","6","67","26","23.1","78","88","77","95","97","96","95","97","96","91","95","95","94","95","95","96","92","97","94","94","95","81","48","81","48","81","48","81","48","83","96","96","91","91","97","81","92","97","97","97","97","97","97","98","98","92","95","65","80","83","92","65","82","91","96","92","90","91","96","93","91","92","94","47","55","52","72","78","90","94","92","64","89","80","94","77","98","41","90","97","92","18","79","100","100","76","84","55","81","81","100","81","81","92","85","85","64","95","81","48","81","48","81","48","81","48","79","82","0","0","0","0","0","0","91","81","91","92","96","98","92","80","92","95","91","0","91","0","97","0","68","0","96","0","96","0","98","0","96","0","97","0","94","0","61","0","97","0","65","0","95","0","0"
"183","COMP_048","76","77","71","79","73","64","85","63","70","74","92","86","83","6232","716602","23","13","44","46.6","46.9","82","94","74","86","65","85","61","85","51","90","56","88","69","94","91","70","89","95","82","67","82","90","71","90","71","90","71","90","71","35","88","65","83","56","92","85","79","90","93","95","86","80","93","89","88","88","76","86","73","56","91","35","80","95","95","93","51","88","87","89","95","26","85","65","60","81","52","64","59","87","88","93","41","50","89","92","94","65","92","78","95","18","30","95","99","65","68","57","83","76","100","75","83","95","87","95","60","65","90","71","90","71","90","71","90","71","81","90","0","0","0","0","0","0","73","87","89","57","83","70","80","62","77","87","94","0","85","0","83","0","95","0","92","0","96","0","95","0","95","0","85","0","65","0","92","0","94","0","95","0","92","0","0"
"188","COMP_049","73","70","69","77","74","63","86","63","72","66","76","79","80","70855","5765939","246","91","28","38","38.2","85","91","79","69","87","80","59","82","58","75","61","81","48","90","85","56","60","96","77","62","62","59","69","59","69","59","69","59","69","84","82","56","67","41","72","92","70","88","90","95","85","77","92","92","84","82","66","66","46","54","90","41","89","98","96","92","67","83","91","73","89","33","90","64","61","73","53","49","81","77","84","77","71","68","92","86","94","65","92","95","94","13","53","100","100","74","29","66","87","80","97","76","85","92","91","95","44","81","59","69","59","69","59","69","59","69","83","85","0","0","0","0","0","0","66","67","69","64","66","79","73","24","80","84","85","0","68","0","78","0","80","0","80","0","90","0","88","0","82","0","93","0","70","0","81","0","78","0","88","0","90","0","0"
"191","COMP_050","0","0","0","0","0","0","0","0","0","0","0","0","0","","","","","","","","","","","","","","","","","","","","","","","","","","","","","","","","","","","","","","","","","","","","","","","","","","","","","","","","","","","","","","","","","","","","","","","","","","","","","","","","","","","","","","","","","","","","","","","","","","","","","","","","","","","","","","","","","","","","","","","","","","","","","","","","","","","","","","","","","","","","","","","","","","","","","","","","","","","","","","","","0"
"193","COMP_051","89","97","93","90","93","79","89","70","71","90","100","98","99","368","33451","6","2","88","45.1","44.1","78","93","77","99","100","100","98","97","98","94","78","93","78","99","90","98","98","99","98","97","97","98","91","98","91","98","91","98","91","94","99","98","97","97","98","98","100","99","98","99","100","100","100","100","99","99","96","91","90","96","97","90","96","99","97","99","29","77","98","98","95","90","99","78","84","100","80","76","96","96","97","78","94","91","98","56","98","58","98","97","98","32","40","100","99","91","34","62","83","79","100","74","79","96","83","92","41","77","98","91","98","91","98","91","98","91","81","97","0","0","0","0","0","0","89","90","96","93","96","98","91","40","98","98","0","100","0","100","0","100","0","100","0","100","0","100","0","99","0","98","0","99","0","97","0","96","0","99","0","98","0","98","0"
"194","COMP_052","70","70","61","72","63","63","85","61","70","54","85","79","75","7784","732319","25","8","16","40.7","41.4","80","94","75","85","92","68","54","82","55","49","64","84","69","87","78","69","47","93","82","60","69","65","72","65","72","65","72","65","72","74","89","69","55","33","59","83","60","89","79","96","91","78","89","86","74","67","51","34","31","58","88","39","66","98","90","75","59","55","89","81","82","49","74","51","52","72","73","64","66","60","70","66","55","32","88","87","97","69","90","95","96","13","54","96","100","83","27","67","87","71","97","73","82","97","84","95","65","82","65","72","65","72","65","72","65","72","70","80","0","0","0","0","0","0","37","54","59","41","37","59","54","28","46","60","95","0","81","0","85","0","94","0","88","0","80","0","94","0","73","0","94","0","69","0","63","0","84","0","87","0","91","0","0"
"196","COMP_053","71","72","70","78","68","58","87","59","62","62","86","72","77","59948","3616056","29","44","15","45.3","46.6","70","88","71","83","78","76","56","90","51","80","64","91","74","88","91","73","71","94","88","73","58","55","64","55","64","55","64","55","64","77","82","49","68","46","61","86","56","86","88","93","81","73","90","88","84","71","66","67","55","57","89","68","66","95","94","87","81","90","90","82","88","33","86","54","42","67","54","54","66","72","83","85","43","43","88","90","95","82","89","94","95","19","36","98","99","52","37","54","73","74","96","71","73","88","81","92","30","62","55","64","55","64","55","64","55","64","75","86","0","0","0","0","0","0","28","61","65","53","69","87","72","32","68","72","94","0","88","0","85","0","93","0","84","0","96","0","93","0","92","0","93","0","71","0","57","0","68","0","93","0","82","0","0"
"197","COMP_054","72","75","69","70","68","66","77","62","62","72","79","74","93","2788","143715","11","5","50","43.2","43.3","72","93","70","86","87","86","86","80","81","91","93","94","35","95","91","43","59","94","91","86","86","51","49","51","49","51","49","51","49","60","80","50","80","91","85","98","85","98","97","98","95","85","95","96","95","96","93","59","47","57","79","57","78","96","96","96","47","41","78","76","69","68","69","52","64","71","95","48","57","67","58","76","75","76","67","84","90","37","75","78","93","26","61","99","84","77","30","50","73","72","94","72","75","98","83","96","47","67","51","49","51","49","51","49","51","49","42","77","0","0","0","0","0","0","33","79","93","75","88","77","77","31","95","90","92","0","72","0","92","0","90","0","87","0","94","0","92","0","93","0","89","0","88","0","73","0","88","0","94","0","88","0","0"
"23","COMP_055","70","86","70","86","81","69","0","58","0","73","0","79","0","2552","218287","7","7","","47.6","46","","","","0","0","0","0","0","0","0","0","0","0","0","0","0","0","0","0","0","0","0","0","0","0","0","0","0","0","0","0","0","0","0","0","0","0","0","0","0","0","0","0","0","0","0","0","0","0","0","0","0","0","69","0","0","0","0","0","0","0","0","0","0","0","0","0","90","88","0","0","0","0","0","0","0","0","0","0","0","0","20","69","93","93","85","47","0","0","0","0","0","0","0","0","0","0","0","0","0","0","0","0","0","0","0","0","0","0","0","0","0","0","0","0","0","0","0","0","0","0","0","0","0","0","0","0","0","0","0","0","0","0","0","0","0","0","0","0","0","0","0","0","0","0","0","0","0","0","0","0","0","0"
"24","COMP_056","59","70","55","94","76","64","0","51","0","48","0","72","0","5770","372326","12","8","","41.3","40.4","","","","0","0","0","0","0","0","0","0","0","0","0","0","0","0","0","0","0","0","0","0","0","0","0","0","0","0","0","0","0","0","0","0","0","0","0","0","0","0","0","0","0","0","0","0","0","0","0","0","0","0","39","0","0","0","0","0","0","0","0","0","0","0","0","0","85","77","0","0","0","0","0","0","0","0","0","0","0","0","22","34","93","0","41","38","0","0","0","0","0","0","0","0","0","0","0","0","0","0","0","0","0","0","0","0","0","0","0","0","0","0","0","0","0","0","0","0","0","0","0","0","0","0","0","0","0","0","0","0","0","0","0","0","0","0","0","0","0","0","0","0","0","0","0","0","0","0","0","0","0","0"
"26","COMP_057","72","88","67","100","78","70","0","73","0","79","0","79","0","580","24845","1","5","","36","32.2","","","","0","0","0","0","0","0","0","0","0","0","0","0","0","0","0","0","0","0","0","0","0","0","0","0","0","0","0","0","0","0","0","0","0","0","0","0","0","0","0","0","0","0","0","0","0","0","0","0","0","0","62","0","0","0","0","0","0","0","0","0","0","0","0","0","91","93","0","0","0","0","0","0","0","0","0","0","0","0","53","84","92","96","36","85","0","0","0","0","0","0","0","0","0","0","0","0","0","0","0","0","0","0","0","0","0","0","0","0","0","0","0","0","0","0","0","0","0","0","0","0","0","0","0","0","0","0","0","0","0","0","0","0","0","0","0","0","0","0","0","0","0","0","0","0","0","0","0","0","0","0"
"27","COMP_058","65","76","68","91","86","58","0","60","0","63","0","80","0","4307","181301","14","7","","43.5","42.3","","","","0","0","0","0","0","0","0","0","0","0","0","0","0","0","0","0","0","0","0","0","0","0","0","0","0","0","0","0","0","0","0","0","0","0","0","0","0","0","0","0","0","0","0","0","0","0","0","0","0","0","64","0","0","0","0","0","0","0","0","0","0","0","0","0","76","49","0","0","0","0","0","0","0","0","0","0","0","0","12","20","96","97","86","64","0","0","0","0","0","0","0","0","0","0","0","0","0","0","0","0","0","0","0","0","0","0","0","0","0","0","0","0","0","0","0","0","0","0","0","0","0","0","0","0","0","0","0","0","0","0","0","0","0","0","0","0","0","0","0","0","0","0","0","0","0","0","0","0","0","0"
"41","COMP_059","73","72","76","78","78","67","80","58","61","63","75","86","0","9944","637483","40","13","15","38.4","38.7","72","87","72","70","86","79","72","91","75","71","61","82","43","90","74","88","41","86","76","76","62","83","53","83","53","83","53","83","53","81","89","51","61","62","60","0","0","0","0","0","0","0","0","0","0","0","0","77","79","86","90","56","76","97","96","94","70","32","91","90","91","73","70","80","77","83","87","62","86","93","90","81","85","79","75","93","96","48","95","0","0","26","39","99","95","64","33","56","76","76","97","70","75","87","82","90","26","70","83","53","83","53","83","53","83","53","56","61","95","93","94","93","93","55","58","36","70","38","45","75","65","55","85","86","83","0","61","0","67","0","80","0","71","0","84","0","91","0","81","0","91","0","70","0","93","0","93","0","92","0","92","0","86"
"41","COMP_059","73","72","76","78","78","67","80","58","61","63","75","86","0","9944","637483","40","13","15","38.4","38.7","72","87","72","70","86","79","72","91","75","71","61","82","43","90","74","88","41","86","76","76","62","83","53","83","53","83","53","83","53","81","89","51","61","62","60","0","0","0","0","0","0","0","0","0","0","0","0","77","79","86","90","56","76","97","96","94","70","32","91","90","91","73","70","80","77","83","87","62","86","93","90","81","85","79","75","93","96","48","95","0","0","26","39","99","95","64","33","56","76","76","97","70","75","87","82","90","26","70","83","53","83","53","83","53","83","53","56","61","95","93","94","93","93","55","58","36","70","38","45","75","65","55","85","86","83","0","61","0","67","0","80","0","71","0","84","0","91","0","81","0","91","0","70","0","93","0","93","0","92","0","92","0","86"
"53","COMP_060","68","70","69","78","72","55","83","53","63","52","81","57","0","28899","2023804","66","60","17","48.4","49.5","73","89","72","72","89","74","66","88","72","67","49","93","55","91","95","71","66","91","91","67","71","40","65","40","65","40","65","40","65","78","77","43","52","28","62","0","0","0","0","0","0","0","0","0","0","0","0","60","53","65","87","53","72","98","95","94","73","39","94","88","91","82","86","74","79","87","25","32","66","92","91","91","51","54","91","92","96","59","92","90","95","20","39","93","93","55","35","52","78","74","97","73","75","92","84","92","15","76","40","65","40","65","40","65","40","65","67","70","95","94","91","95","90","38","17","26","43","43","54","86","80","22","64","60","89","0","82","0","80","0","91","0","75","0","94","0","89","0","85","0","87","0","55","0","26","0","34","0","87","0","52","0","84"
"58","COMP_061","75","80","66","81","73","61","81","61","62","73","82","81","0","15204","978315","32","45","40","43","43.2","72","80","75","88","93","91","80","88","58","87","71","86","76","93","92","73","87","94","82","70","88","84","57","84","57","84","57","84","57","81","91","86","85","57","83","0","0","0","0","0","0","0","0","0","0","0","0","70","44","54","89","41","78","94","95","93","87","62","93","93","92","93","80","84","77","73","38","49","69","93","94","86","85","59","74","93","96","76","95","0","0","14","30","97","98","64","85","65","79","74","92","73","73","84","82","87","27","85","84","57","84","57","84","57","84","57","51","60","93","94","78","88","92","66","57","79","83","69","86","86","87","34","81","85","90","0","83","0","68","0","85","0","83","0","93","0","91","0","90","0","93","0","66","0","89","0","84","0","85","0","87","0","82"
"58","COMP_061","75","80","66","81","73","61","81","61","62","73","82","81","0","15204","978315","32","45","40","43","43.2","72","80","75","88","93","91","80","88","58","87","71","86","76","93","92","73","87","94","82","70","88","84","57","84","57","84","57","84","57","81","91","86","85","57","83","0","0","0","0","0","0","0","0","0","0","0","0","70","44","54","89","41","78","94","95","93","87","62","93","93","92","93","80","84","77","73","38","49","69","93","94","86","85","59","74","93","96","76","95","0","0","14","30","97","98","64","85","65","79","74","92","73","73","84","82","87","27","85","84","57","84","57","84","57","84","57","51","60","93","94","78","88","92","66","57","79","83","69","86","86","87","34","81","85","90","0","83","0","68","0","85","0","83","0","93","0","91","0","90","0","93","0","66","0","89","0","84","0","85","0","87","0","82"
"58","COMP_061","75","80","66","81","73","61","81","61","62","73","82","81","0","15204","978315","32","45","40","43","43.2","72","80","75","88","93","91","80","88","58","87","71","86","76","93","92","73","87","94","82","70","88","84","57","84","57","84","57","84","57","81","91","86","85","57","83","0","0","0","0","0","0","0","0","0","0","0","0","70","44","54","89","41","78","94","95","93","87","62","93","93","92","93","80","84","77","73","38","49","69","93","94","86","85","59","74","93","96","76","95","0","0","14","30","97","98","64","85","65","79","74","92","73","73","84","82","87","27","85","84","57","84","57","84","57","84","57","51","60","93","94","78","88","92","66","57","79","83","69","86","86","87","34","81","85","90","0","83","0","68","0","85","0","83","0","93","0","91","0","90","0","93","0","66","0","89","0","84","0","85","0","87","0","82"
"66","COMP_062","74","80","67","74","78","66","88","49","64","77","80","77","0","51071","2037887","85","62","58","37","38.9","75","89","76","86","92","84","74","89","81","66","69","92","72","90","94","85","77","92","91","85","85","89","63","89","63","89","63","89","63","87","87","61","83","81","93","0","0","0","0","0","0","0","0","0","0","0","0","50","41","58","92","56","81","96","95","90","47","31","92","86","91","74","88","50","62","72","80","64","73","87","89","71","81","86","90","92","97","74","92","95","96","16","43","78","66","55","34","63","79","76","95","72","75","90","81","91","18","55","89","63","89","63","89","63","89","63","72","76","94","94","88","94","94","66","74","73","78","89","81","93","91","41","87","88","87","0","82","0","83","0","91","0","67","0","93","0","88","0","80","0","91","0","67","0","80","0","92","0","89","0","81","0","86"
"66","COMP_062","74","80","67","74","78","66","88","49","64","77","80","77","0","51071","2037887","85","62","58","37","38.9","75","89","76","86","92","84","74","89","81","66","69","92","72","90","94","85","77","92","91","85","85","89","63","89","63","89","63","89","63","87","87","61","83","81","93","0","0","0","0","0","0","0","0","0","0","0","0","50","41","58","92","56","81","96","95","90","47","31","92","86","91","74","88","50","62","72","80","64","73","87","89","71","81","86","90","92","97","74","92","95","96","16","43","78","66","55","34","63","79","76","95","72","75","90","81","91","18","55","89","63","89","63","89","63","89","63","72","76","94","94","88","94","94","66","74","73","78","89","81","93","91","41","87","88","87","0","82","0","83","0","91","0","67","0","93","0","88","0","80","0","91","0","67","0","80","0","92","0","89","0","81","0","86"
"76","COMP_063","77","84","81","84","85","61","82","57","62","77","81","88","0","1960","148422","7","7","65","47.1","47.4","82","92","74","91","98","96","89","98","96","73","74","90","32","93","74","93","39","94","96","90","62","83","29","83","29","83","29","83","29","92","94","88","80","84","95","0","0","0","0","0","0","0","0","0","0","0","0","82","88","80","95","72","62","99","99","97","39","24","96","96","95","96","95","60","36","90","90","64","65","96","96","82","88","73","97","94","97","25","99","0","0","13","35","98","98","68","51","62","84","73","100","73","89","93","86","93","18","80","83","29","83","29","83","29","83","29","36","73","96","97","94","94","55","36","82","62","82","80","80","89","80","48","89","89","88","0","51","0","86","0","92","0","68","0","80","0","95","0","80","0","96","0","65","0","78","0","97","0","80","0","90","0","82"
"89","COMP_064","71","82","68","74","63","67","89","45","60","77","80","72","0","4135","163318","8","12","60","42.8","46.9","68","89","74","89","78","71","61","95","83","95","86","89","91","95","91","93","52","97","94","92","94","92","45","92","45","92","45","92","45","77","89","62","70","56","89","0","0","0","0","0","0","0","0","0","0","0","0","82","45","69","94","34","53","97","93","94","23","75","95","75","89","46","61","57","83","89","66","62","71","91","62","54","51","61","88","93","97","58","95","96","93","14","22","57","93","71","30","63","75","80","95","66","68","90","80","95","26","53","92","45","92","45","92","45","92","45","69","54","96","82","83","92","88","45","76","63","84","84","93","91","83","69","88","87","87","0","61","0","86","0","93","0","70","0","92","0","91","0","73","0","94","0","67","0","79","0","76","0","81","0","71","0","80"
"94","COMP_065","67","62","68","74","72","54","77","55","60","63","70","68","0","5985","169288","15","10","8","31.5","34.3","69","77","75","85","68","57","14","87","28","52","56","51","64","68","62","70","34","84","67","61","75","89","78","89","78","89","78","89","78","64","82","70","67","44","51","0","0","0","0","0","0","0","0","0","0","0","0","75","36","62","84","63","70","88","96","86","49","68","88","84","81","39","83","27","65","41","43","54","63","93","85","88","44","68","79","79","90","51","88","87","90","15","27","65","100","65","76","64","70","71","90","76","82","81","73","86","20","50","89","78","89","78","89","78","89","78","44","73","95","92","94","72","93","76","57","42","88","56","92","69","51","57","57","68","82","0","63","0","56","0","76","0","68","0","80","0","72","0","81","0","83","0","48","0","73","0","68","0","73","0","73","0","84"
"98","COMP_066","84","94","87","93","90","67","95","73","69","80","94","86","0","717","37584","3","6","67","37.7","35.8","75","86","69","97","98","96","97","100","99","68","79","95","65","95","98","98","66","100","99","96","99","99","81","99","81","99","81","99","81","98","98","94","92","96","94","0","0","0","0","0","0","0","0","0","0","0","0","65","62","98","98","81","95","100","98","97","82","64","98","99","95","97","99","48","53","99","81","63","66","95","99","99","78","64","98","95","98","85","97","98","95","22","60","100","100","58","79","48","81","70","92","74","70","92","89","89","30","97","99","81","99","81","99","81","99","81","81","81","95","94","82","92","96","34","34","79","96","90","80","95","96","20","97","96","0","95","0","95","0","99","0","97","0","95","0","98","0","96","0","93","0","100","0","84","0","81","0","94","0","67","0","97","85"
